{
  "w_cause": {
    "accident": 0.03038674033149171,
    "congestion": 0.04411764705882353,
    "construction": 0.2242562929061785,
    "debris": 0.15384615384615385,
    "fog / low visibility": 0.0,
    "others": 0.08702531645569621,
    "pot_holes": 0.024208566108007448,
    "procession": 0.22727272727272727,
    "protest": 0.42857142857142855,
    "public_event": 0.2222222222222222,
    "road_conditions": 0.12352941176470589,
    "test_demo": 0.0,
    "tree_fall": 0.39436619718309857,
    "vehicle_breakdown": 0.042583830487554,
    "vip_movement": 0.0,
    "water_logging": 0.0851528384279476
  },
  "w_planned": {
    "planned": 0.2547945205479452,
    "unplanned": 0.06554380467423945
  },
  "w_escalation": {
    "False": 0.08015267175572519,
    "True": 0.07373333333333333
  },
  "w_hour": {
    "0": 0.07673860911270983,
    "1": 0.047244094488188976,
    "2": 0.06788511749347259,
    "3": 0.05929919137466307,
    "4": 0.05555555555555555,
    "5": 0.0729483282674772,
    "6": 0.1062215477996965,
    "7": 0.09603340292275574,
    "8": 0.06422018348623854,
    "9": 0.06918238993710692,
    "10": 0.14705882352941177,
    "11": 0.22058823529411764,
    "12": 0.2222222222222222,
    "13": 0.24242424242424243,
    "14": 0.0,
    "15": 0.1111111111111111,
    "16": 0.3333333333333333,
    "17": 0.17647058823529413,
    "18": 0.08771929824561403,
    "19": 0.06514084507042253,
    "20": 0.047267355982274745,
    "21": 0.06806930693069307,
    "22": 0.053475935828877004,
    "23": 0.07910750507099391
  },
  "w_corridor": {
    "Airport New South Road": 0.18556701030927836,
    "Bannerghata Road": 0.04,
    "Bellary Road 1": 0.0629575402635432,
    "Bellary Road 2": 0.03309692671394799,
    "CBD 1": 0.07692307692307693,
    "CBD 2": 0.0660377358490566,
    "Hennur Main Road": 0.05084745762711865,
    "Hosur Road": 0.04986149584487535,
    "IRR(Thanisandra road)": 0.07079646017699115,
    "Magadi Road": 0.05830903790087463,
    "Mysore Road": 0.10486486486486486,
    "Non-corridor": 0.09983722192078133,
    "ORR East 1": 0.06545454545454546,
    "ORR East 2": 0.07901234567901234,
    "ORR North 1": 0.07746478873239436,
    "ORR North 2": 0.05,
    "ORR West 1": 0.05014749262536873,
    "Old Airport Road": 0.06666666666666667,
    "Old Madras Road": 0.054945054945054944,
    "Tumkur Road": 0.04107142857142857,
    "Varthur Road": 0.1038961038961039,
    "West of Chord Road": 0.07772020725388601
  },
  "fallback": {
    "w_cause": 0.07415254237288135,
    "w_planned": 0.07415254237288135,
    "w_escalation": 0.07415254237288135,
    "w_hour": 0.07415254237288135,
    "w_corridor": 0.07415254237288135
  }
}